Variance,Deviation,Correlation,Average
6096803.890000001,2469.1706887131154,0.9694433977097229,1655.1
